country,countryCode,city,isp,org,as,query,valid
Finland,FI,Helsinki,Hetzner Online GmbH,Hetzner Online GmbH,AS24940 Hetzner Online GmbH,65.109.242.160,True
Finland,FI,Helsinki,Hetzner Online GmbH,Hetzner Online GmbH,AS24940 Hetzner Online GmbH,37.27.176.223,True
Finland,FI,Helsinki,CGI GLOBAL LIMITED,CGI GLOBAL LIMITED,AS56594 CGI GLOBAL LIMITED,31.58.137.6,True
Finland,FI,Helsinki,Aeza International LTD,Aeza International LTD,AS210644 AEZA INTERNATIONAL LTD,95.181.167.151,True
Finland,FI,Helsinki,Anton Levin,Individual Entrepreneur Anton Levin,AS50053 VDSka hosting,185.254.158.69,True
Finland,FI,Helsinki,Hostkey B.V.,Hostkey B.V,AS57043 HOSTKEY B.V.,66.151.35.153,True
Finland,FI,Helsinki,WorkTitans B.V.,WorkTitans B.V,AS209847 WorkTitans B.V.,92.118.233.134,True
Finland,FI,Helsinki,Qwins LTD,Qwins LTD,AS213702 QWINS LTD,95.164.55.77,True
Finland,FI,Helsinki,Qwins LTD,Qwins LTD,AS213702 QWINS LTD,95.164.55.227,True
Finland,FI,Helsinki,Hetzner Online GmbH,Hetzner Online GmbH,AS24940 Hetzner Online GmbH,65.109.214.233,True
Finland,FI,Helsinki,Qwins LTD,Qwins LTD,AS213702 QWINS LTD,85.209.129.79,True
Finland,FI,Helsinki,xorek.cloud International LTD,xorek.cloud International LTD,AS210644 AEZA INTERNATIONAL LTD,185.221.196.249,True
Finland,FI,Helsinki,CGI GLOBAL LIMITED,CGI GLOBAL LIMITED,AS56971 AS56971 Cloud,31.56.206.92,True
Finland,FI,Helsinki,Senko Digital Ltd,Senko Digital LLC,AS213520 Senko Digital LLC,64.188.74.184,True
Finland,FI,Helsinki,Hetzner Online GmbH,Hetzner Online GmbH,AS24940 Hetzner Online GmbH,135.181.231.249,True
Finland,FI,Helsinki,Hetzner Online GmbH,Hetzner Online GmbH,AS24940 Hetzner Online GmbH,135.181.250.100,True
Finland,FI,Helsinki,Qwins LTD,Qwins LTD,AS213702 QWINS LTD,95.164.55.73,True
Finland,FI,Helsinki,CGI GLOBAL LIMITED,CGI GLOBAL LIMITED,AS56594 CGI GLOBAL LIMITED,31.58.137.126,True
Finland,FI,Helsinki,CGI GLOBAL LIMITED,CGI GLOBAL LIMITED,AS56971 AS56971 Cloud,31.58.171.102,True
Finland,FI,Helsinki,Hetzner Online GmbH,HETZNER-DC,AS24940 Hetzner Online GmbH,95.217.176.149,True
Finland,FI,Helsinki,Qwins LTD,Qwins LTD,AS213702 QWINS LTD,95.164.55.75,True
Finland,FI,Helsinki,Hetzner Online GmbH,Hetzner,AS24940 Hetzner Online GmbH,135.181.78.188,True
Finland,FI,Helsinki,CGI GLOBAL LIMITED,CGI GLOBAL LIMITED,AS56971 AS56971 Cloud,31.56.196.25,True
Finland,FI,Helsinki,Aeza International LTD,Aeza International LTD,AS210644 AEZA INTERNATIONAL LTD,84.22.150.156,True
Finland,FI,Helsinki,CGI GLOBAL LIMITED,CGI GLOBAL LIMITED,AS56971 AS56971 Cloud,31.59.41.140,True
Finland,FI,Helsinki,CGI GLOBAL LIMITED,CGI GLOBAL LIMITED,AS56594 CGI GLOBAL LIMITED,151.242.43.199,True
Finland,FI,Helsinki,CGI GLOBAL LIMITED,CGI GLOBAL LIMITED,AS56971 AS56971 Cloud,94.183.191.189,True
Finland,FI,Helsinki,Hetzner Online GmbH,Hetzner Online GmbH,AS24940 Hetzner Online GmbH,65.109.213.219,True
Finland,FI,Helsinki,CGI GLOBAL LIMITED,CGI GLOBAL LIMITED,AS56971 AS56971 Cloud,31.56.205.135,True
Finland,FI,Helsinki,Hetzner Online GmbH,Cloud Hel1,AS24940 Hetzner Online GmbH,77.42.21.88,True
Finland,FI,Helsinki,NetCrafters OU,NetCrafters OU,AS203273 NetCrafters OU,83.147.216.151,True
Finland,FI,Helsinki,GCS SER,,AS215540 GLOBAL CONNECTIVITY SOLUTIONS LLP,213.176.17.62,True
Finland,FI,Helsinki,NetCrafters OU,NetCrafters OU,AS203273 NetCrafters OU,83.147.216.178,True
Finland,FI,Helsinki,Anton Levin,Individual Entrepreneur Anton Levin,AS50053 VDSka hosting,193.222.97.107,True
Finland,FI,Helsinki,Anton Levin,Individual Entrepreneur Anton Levin,AS50053 VDSka hosting,185.239.142.73,True
Finland,FI,Helsinki,Hetzner Online GmbH,Hetzner,AS24940 Hetzner Online GmbH,157.180.94.80,True
Finland,FI,Helsinki,CGI GLOBAL LIMITED,CGI GLOBAL LIMITED,AS56971 AS56971 Cloud,109.248.163.226,True
Finland,FI,Helsinki,CGI GLOBAL LIMITED,CGI GLOBAL LIMITED,AS56971 AS56971 Cloud,46.8.236.104,True
Finland,FI,Helsinki,Hetzner Online GmbH,Hetzner,AS24940 Hetzner Online GmbH,157.180.69.33,True
Finland,FI,Helsinki,Baykov Ilya Sergeevich,Baykov Ilya Sergeevich,AS41745 Baykov Ilya Sergeevich,138.124.0.245,True
Finland,FI,Helsinki,Anton Levin,Individual Entrepreneur Anton Levin,AS50053 VDSka hosting,185.236.24.10,True
Finland,FI,Helsinki,WAIcore Ltd,WAIcore Ltd,AS213887 WAIcore Ltd,178.17.61.156,True
Finland,FI,Helsinki,Aeza International LTD,RTM GmbH,AS210644 AEZA INTERNATIONAL LTD,62.60.237.155,True
Finland,FI,Helsinki,NetCrafters OU,NetCrafters OU,AS203273 NetCrafters OU,83.147.254.83,True
Finland,FI,Helsinki,Qwins LTD,Qwins LTD,AS213702 QWINS LTD,85.209.129.168,True
Finland,FI,Helsinki,Hetzner Online GmbH,Hetzner Online GmbH,AS24940 Hetzner Online GmbH,65.109.205.229,True
Finland,FI,Helsinki,Baykov Ilya Sergeevich,Baykov Ilya Sergeevich,AS41745 Baykov Ilya Sergeevich,138.124.75.208,True
Finland,FI,Helsinki,Hetzner Online GmbH,Cloud Hel1,AS24940 Hetzner Online GmbH,77.42.39.108,True
Finland,FI,Helsinki,CGI GLOBAL LIMITED,CGI GLOBAL LIMITED,AS56971 AS56971 Cloud,31.57.61.169,True
Finland,FI,Helsinki,Qwins LTD,Qwins LTD,AS213702 QWINS LTD,95.164.55.78,True
Finland,FI,Helsinki,Hetzner Online GmbH,HETZNER-DC,AS24940 Hetzner Online GmbH,89.167.51.148,True
Finland,FI,Helsinki,Aeza International LTD,Aeza Group LLC,AS210644 AEZA INTERNATIONAL LTD,79.137.206.160,True
Finland,FI,Helsinki,H2nexus LTD,H2nexus LTD,AS215730 H2NEXUS LTD,85.192.49.132,True
Finland,FI,Helsinki,Hetzner Online GmbH,,AS24940 Hetzner Online GmbH,95.216.57.173,True
Finland,FI,Helsinki,CGI GLOBAL LIMITED,CGI GLOBAL LIMITED,AS56971 AS56971 Cloud,31.57.107.41,True
Finland,FI,Helsinki,Global Connectivity Solutions LLP,Global Connectivity Solutions LLP,AS215540 GLOBAL CONNECTIVITY SOLUTIONS LLP,185.242.247.109,True
Finland,FI,Helsinki,I-servers LTD,OY Creanova Hosting Solutions LTD,AS207569 I-SERVERS LTD,185.94.167.181,True
Finland,FI,Helsinki,Hetzner Online GmbH,Hetzner Online GmbH,AS24940 Hetzner Online GmbH,37.27.22.177,True
Finland,FI,Helsinki,CGI GLOBAL LIMITED,CGI GLOBAL LIMITED,AS56594 CGI GLOBAL LIMITED,151.242.43.44,True
Finland,FI,Helsinki,Hetzner Online GmbH,Hetzner Online GmbH,AS24940 Hetzner Online GmbH,37.27.6.95,True
Finland,FI,Helsinki,H2nexus LTD,H2nexus LTD,AS215730 H2NEXUS LTD,85.192.49.13,True
Finland,FI,Helsinki,WorkTitans B.V.,WorkTitans B.V,AS209847 WorkTitans B.V.,171.22.114.27,True
Finland,FI,Helsinki,Qwins LTD,Qwins LTD,AS213702 QWINS LTD,95.164.55.69,True
Finland,FI,Helsinki,I-servers LTD,POWER-SERVERS-ROLE-ORG,AS207569 I-SERVERS LTD,45.133.246.35,True
Finland,FI,Helsinki,CGI GLOBAL LIMITED,CGI GLOBAL LIMITED,AS56971 AS56971 Cloud,5.178.96.74,True
Finland,FI,Helsinki,Hetzner Online GmbH,Hetzner Online GmbH,AS24940 Hetzner Online GmbH,65.109.240.190,True
Finland,FI,Helsinki,Hetzner Online GmbH,Hetzner Online GmbH,AS24940 Hetzner Online GmbH,46.62.164.80,True
Finland,FI,Helsinki,Hetzner Online GmbH,Hetzner Online GmbH,AS24940 Hetzner Online GmbH,37.27.188.213,True
Finland,FI,Helsinki,Hetzner Online GmbH,HETZNER-DC,AS24940 Hetzner Online GmbH,89.167.33.8,True
Finland,FI,Helsinki,I-servers LTD,POWER-SERVERS-ROLE-ORG,AS207569 I-SERVERS LTD,194.53.54.84,True
Finland,FI,Helsinki,CGI GLOBAL LIMITED,CGI GLOBAL LIMITED,AS56971 AS56971 Cloud,31.56.206.159,True
Finland,FI,Helsinki,Aeza International LTD,Aeza International LTD,AS210644 AEZA INTERNATIONAL LTD,217.144.188.28,True
Finland,FI,Helsinki,Baykov Ilya Sergeevich,Baykov Ilya Sergeevich,AS41745 Baykov Ilya Sergeevich,45.144.234.82,True
Finland,FI,Helsinki,Hostkey B.V.,Hostkey B.V,AS57043 HOSTKEY B.V.,193.84.2.58,True
Finland,FI,Helsinki,I-servers LTD,OY Creanova Hosting Solutions LTD,AS207569 I-SERVERS LTD,185.94.167.62,True
Finland,FI,Helsinki,Hetzner Online GmbH,Hetzner Online GmbH,AS24940 Hetzner Online GmbH,65.109.206.208,True
Finland,FI,Helsinki,Hetzner Online GmbH,Hetzner,AS24940 Hetzner Online GmbH,65.21.159.8,True
Finland,FI,Helsinki,Hetzner Online GmbH,Hetzner,AS24940 Hetzner Online GmbH,65.21.182.84,True
Finland,FI,Helsinki,NetCrafters OU,NetCrafters OU,AS203273 NetCrafters OU,83.147.252.197,True
Finland,FI,Helsinki,CGI GLOBAL LIMITED,CGI GLOBAL LIMITED,AS56971 AS56971 Cloud,31.58.171.152,True
Finland,FI,Helsinki,Baykov Ilya Sergeevich,Baykov Ilya Sergeevich,AS41745 Baykov Ilya Sergeevich,91.211.114.165,True
Finland,FI,Helsinki,u1host ltd,u1host Finland,AS213877 u1host ltd,144.31.79.46,True
Finland,FI,Helsinki,Hetzner Online GmbH,Hetzner Online GmbH,AS24940 Hetzner Online GmbH,65.109.133.131,True
Finland,FI,Helsinki,Hetzner Online GmbH,Hetzner Online GmbH,AS24940 Hetzner Online GmbH,135.181.30.234,True
Finland,FI,Helsinki,NetCrafters OU,NetCrafters OU,AS203273 NetCrafters OU,83.147.192.60,True
Finland,FI,Helsinki,Aeza International LTD,Aeza International LTD,AS210644 AEZA INTERNATIONAL LTD,104.238.29.110,True
Finland,FI,Helsinki,CGI GLOBAL LIMITED,,AS56971 AS56971 Cloud,185.92.183.41,True
Finland,FI,Helsinki,Hetzner Online GmbH,Hetzner Online GmbH,AS24940 Hetzner Online GmbH,65.109.208.253,True
Finland,FI,Helsinki,Hostkey B.V.,Hostkey B.V,AS57043 HOSTKEY B.V.,194.34.236.125,True
Finland,FI,Helsinki,NetCrafters OU,NetCrafters OU,AS203273 NetCrafters OU,83.147.192.198,True
Finland,FI,Helsinki,Anton Levin,Individual Entrepreneur Anton Levin,AS50053 VDSka hosting,193.222.97.65,True
Finland,FI,Helsinki,Hetzner Online GmbH,Hetzner Online GmbH,AS24940 Hetzner Online GmbH,65.109.202.92,True
Finland,FI,Helsinki,Hetzner Online GmbH,Hetzner Online GmbH,AS24940 Hetzner Online GmbH,65.109.219.57,True
Finland,FI,Helsinki,WorkTitans B.V.,WorkTitans B.V,AS209847 WorkTitans B.V.,45.12.146.136,True
Finland,FI,Helsinki,Qwins LTD,Qwins LTD,AS213702 QWINS LTD,95.164.55.74,True
Finland,FI,Helsinki,u1host ltd,u1host Finland,AS213877 u1host ltd,64.188.93.41,True
Finland,FI,Helsinki,CGI GLOBAL LIMITED,CGI GLOBAL LIMITED,AS56971 AS56971 Cloud,188.215.31.4,True
Finland,FI,Helsinki,Hetzner Online GmbH,Hetzner Online GmbH,AS24940 Hetzner Online GmbH,65.108.223.16,True
Finland,FI,Helsinki,Hetzner Online GmbH,Hetzner Online GmbH,AS24940 Hetzner Online GmbH,65.108.149.250,True
Finland,FI,Helsinki,CGI GLOBAL LIMITED,CGI GLOBAL LIMITED,AS56971 AS56971 Cloud,95.182.115.193,True
Finland,FI,Helsinki,CGI GLOBAL LIMITED,CGI GLOBAL LIMITED,AS56971 AS56971 Cloud,94.183.189.13,True
Finland,FI,Helsinki,Hetzner Online GmbH,Hetzner Online GmbH,AS24940 Hetzner Online GmbH,65.109.242.203,True
Finland,FI,Helsinki,Hetzner Online GmbH,Hetzner Online GmbH,AS24940 Hetzner Online GmbH,46.62.144.162,True
Finland,FI,Helsinki,Qwins LTD,Qwins LTD,AS213702 QWINS LTD,95.164.55.242,True
Finland,FI,Helsinki,Hetzner Online GmbH,Hetzner Online GmbH,AS24940 Hetzner Online GmbH,37.27.90.102,True
Finland,FI,Helsinki,Anton Levin,Individual Entrepreneur Anton Levin,AS50053 VDSka hosting,185.254.158.250,True
Finland,FI,Helsinki,Aeza International LTD,Aeza International LTD,AS210644 AEZA INTERNATIONAL LTD,77.110.98.136,True
Finland,FI,Helsinki,Hetzner Online GmbH,Hetzner Online GmbH,AS24940 Hetzner Online GmbH,37.27.20.35,True
Finland,FI,Helsinki,Hetzner Online GmbH,HETZNER-DC,AS24940 Hetzner Online GmbH,95.217.228.115,True
Finland,FI,Helsinki,Anton Levin,Individual Entrepreneur Anton Levin,AS50053 VDSka hosting,164.215.97.12,True
Finland,FI,Helsinki,OVH SAS,OVH HOSTING OY,AS16276 OVH SAS,188.165.137.202,True
Finland,FI,Helsinki,CGI GLOBAL LIMITED,CGI GLOBAL LIMITED,AS56971 AS56971 Cloud,5.144.179.104,True
Finland,FI,Helsinki,WorkTitans B.V.,WorkTitans B.V,AS209847 WorkTitans B.V.,94.131.100.225,True
Finland,FI,Helsinki,H2nexus LTD,H2nexus LTD,AS215730 H2NEXUS LTD,45.144.52.180,True
Finland,FI,Helsinki,Hostkey B.V.,Snowd Security OU,AS57043 HOSTKEY B.V.,212.192.212.108,True
Finland,FI,Helsinki,OVH SAS,OVH HOSTING OY,AS16276 OVH SAS,188.165.137.201,True
Finland,FI,Helsinki,Senko Digital LLC,Senko Digital LLC,AS213520 Senko Digital LLC,144.31.232.115,True
Finland,FI,Helsinki,Qwins LTD,Qwins LTD,AS213702 QWINS LTD,95.164.55.81,True
Finland,FI,Helsinki,Senko Digital LLC,Senko Digital LLC,AS213520 Senko Digital LLC,144.31.119.42,True
Finland,FI,Helsinki,Hetzner Online GmbH,Hetzner Online GmbH,AS24940 Hetzner Online GmbH,65.109.200.234,True
Finland,FI,Helsinki,Baykov Ilya Sergeevich,Baykov Ilya Sergeevich,AS41745 Baykov Ilya Sergeevich,45.12.70.20,True
Finland,FI,Helsinki,Hetzner Online GmbH,Hetzner Online GmbH,AS24940 Hetzner Online GmbH,65.109.95.205,True
Finland,FI,Helsinki,CGI GLOBAL LIMITED,CGI GLOBAL LIMITED,AS56971 AS56971 Cloud,31.57.26.223,True
Finland,FI,Helsinki,Hetzner Online GmbH,Hetzner,AS24940 Hetzner Online GmbH,157.180.92.70,True
Finland,FI,Helsinki,WAIcore Ltd,WAIcore Ltd,AS213887 WAIcore Ltd,213.165.58.141,True
Finland,FI,Helsinki,CGI GLOBAL LIMITED,CGI GLOBAL LIMITED,AS56971 AS56971 Cloud,94.183.235.247,True
Finland,FI,Helsinki,Qwins LTD,Qwins LTD,AS213702 QWINS LTD,85.209.129.100,True
Finland,FI,Helsinki,H2nexus LTD,H2nexus LTD,AS215730 H2NEXUS LTD,85.192.48.194,True
Finland,FI,Helsinki,CGI GLOBAL LIMITED,CGI GLOBAL LIMITED,AS56594 CGI GLOBAL LIMITED,31.58.137.141,True
Finland,FI,Helsinki,Hetzner Online GmbH,Hetzner Online GmbH,AS24940 Hetzner Online GmbH,95.216.143.5,True
Finland,FI,Helsinki,Aeza International LTD,Infobox,AS210644 AEZA INTERNATIONAL LTD,109.120.184.89,True
Finland,FI,Helsinki,Hetzner Online GmbH,HETZNER-DC,AS24940 Hetzner Online GmbH,77.42.73.198,True
Finland,FI,Helsinki,Hetzner Online GmbH,Hetzner Online GmbH,AS24940 Hetzner Online GmbH,65.109.217.188,True
Finland,FI,Helsinki,Aeza International LTD,Aeza International LTD,AS210644 AEZA INTERNATIONAL LTD,84.22.150.253,True
Finland,FI,Helsinki,CGI GLOBAL LIMITED,As56971,AS56971 AS56971 Cloud,45.156.22.179,True
Finland,FI,Helsinki,CGI GLOBAL LIMITED,CGI GLOBAL LIMITED,AS56971 AS56971 Cloud,31.56.196.17,True
Finland,FI,Helsinki,CGI GLOBAL LIMITED,CGI GLOBAL LIMITED,AS56971 AS56971 Cloud,31.57.27.233,True
Finland,FI,Helsinki,Hetzner Online GmbH,HETZNER-DC,AS24940 Hetzner Online GmbH,89.167.21.109,True
Finland,FI,Helsinki,Hetzner Online GmbH,Hetzner Online GmbH,AS24940 Hetzner Online GmbH,65.109.196.96,True
Finland,FI,Helsinki,Hetzner Online GmbH,Hetzner Online GmbH,AS24940 Hetzner Online GmbH,65.109.188.1,True
Finland,FI,Helsinki,CGI GLOBAL LIMITED,CGI GLOBAL LIMITED,AS56971 AS56971 Cloud,217.19.4.246,True
Finland,FI,Helsinki,Aeza International LTD,Aeza International LTD,AS210644 AEZA INTERNATIONAL LTD,91.108.241.188,True
Finland,FI,Helsinki,Aeza International LTD,RTM GmbH,AS210644 AEZA INTERNATIONAL LTD,62.60.229.249,True
Finland,FI,Helsinki,Hostkey B.V.,Hostkey B.V,AS57043 HOSTKEY B.V.,66.151.34.227,True
Finland,FI,Helsinki,CGI GLOBAL LIMITED,CGI GLOBAL LIMITED,AS56971 AS56971 Cloud,31.56.205.30,True
Finland,FI,Helsinki,Hetzner Online GmbH,Hetzner Online GmbH,AS24940 Hetzner Online GmbH,37.27.92.255,True
Finland,FI,Helsinki,Hetzner Online GmbH,Hetzner Online GmbH,AS24940 Hetzner Online GmbH,65.109.184.135,True
Finland,FI,Helsinki,Hetzner Online GmbH,Hetzner Online GmbH,AS24940 Hetzner Online GmbH,65.109.182.62,True
Finland,FI,Helsinki,CGI GLOBAL LIMITED,CGI GLOBAL LIMITED,AS56971 AS56971 Cloud,46.8.233.169,True
Finland,FI,Helsinki,Hetzner Online GmbH,Hetzner Online GmbH,AS24940 Hetzner Online GmbH,65.109.211.146,True
Finland,FI,Helsinki,OC NETWORKS LIMITED,1Cent Host,AS209693 OC NETWORKS LIMITED,64.188.76.188,True
Finland,FI,Helsinki,WorkTitans B.V.,WorkTitans B.V,AS209847 WorkTitans B.V.,45.12.151.235,True
Finland,FI,Helsinki,Hetzner Online GmbH,Hetzner Online GmbH,AS24940 Hetzner Online GmbH,37.27.220.78,True
Finland,FI,Helsinki,GCS SER,OY Creanova Hosting Solutions LTD,AS215540 GLOBAL CONNECTIVITY SOLUTIONS LLP,185.75.135.152,True
Finland,FI,Helsinki,CGI GLOBAL LIMITED,CGI GLOBAL LIMITED,AS56971 AS56971 Cloud,217.60.61.120,True
Finland,FI,Helsinki,Partner Hosting LTD,Partner Hosting LTD,AS215826 Partner Hosting LTD,193.233.113.59,True
Finland,FI,Helsinki,Baykov Ilya Sergeevich,Baykov Ilya Sergeevich,AS41745 Baykov Ilya Sergeevich,93.123.30.73,True
Finland,FI,Helsinki,NetCrafters OU,NetCrafters OU,AS203273 NetCrafters OU,83.147.192.111,True
Finland,FI,Helsinki,"Closed Joint Stock Company ""AbkhazMedia""",New Hosting Technologies LLC,"AS216300 Closed Joint Stock Company ""AbkhazMedia""",77.221.144.41,True
Finland,FI,Helsinki,NetCrafters OU,NetCrafters OU,AS203273 NetCrafters OU,83.147.192.82,True
Finland,FI,Helsinki,Hetzner Online GmbH,Hetzner Online GmbH,AS24940 Hetzner Online GmbH,65.109.201.37,True
