country,countryCode,city,isp,org,as,query,valid
Poland,PL,Warsaw,"The Constant Company, LLC","The Constant Company, LLC","AS20473 The Constant Company, LLC",70.34.244.243,True
Poland,PL,Warsaw,OVH SAS,OVH Sp. z o. o,AS16276 OVH SAS,57.128.227.152,True
Poland,PL,Warsaw,3hcloud,Limited liability company,AS49791 Newserverlife LLC,45.144.48.64,True
Poland,PL,Gdansk,Artnet Sp. z o.o.,IROKO Networks Corporation,AS200088 Artnet Sp. z o.o.,37.252.10.144,True
Poland,PL,Warsaw,H2nexus LTD,H2nexus LTD,AS215730 H2NEXUS LTD,144.31.4.118,True
Poland,PL,Warsaw,Newserverlife LLC,Individual Entrepreneur Anton Levin,AS49791 Newserverlife LLC,45.43.137.231,True
Poland,PL,Wroclaw,OVH SAS,OVH Sp. z o. o,AS16276 OVH SAS,145.239.88.255,True
Poland,PL,Warsaw,"LLC ""HOSTOFF CSL""",Hostoff Limited,"AS207513 LLC ""HOSTOFF CSL""",144.31.101.97,True
Poland,PL,Poznan,Podaon SIA,Podaon SIA,AS210895 Podaon SIA,91.198.166.53,True
Poland,PL,Warsaw,Baxet Group Inc.,Baxet Group Inc,AS26383 Baxet Group Inc.,91.149.253.213,True
Poland,PL,Warsaw,3hcloud,Limited liability company,AS49791 Newserverlife LLC,45.144.48.186,True
Poland,PL,Warsaw,Baxet Group Inc.,Baxet Group Inc,AS26383 Baxet Group Inc.,91.149.221.142,True
Poland,PL,Warsaw,HZ Hosting Ltd,HZ Na38,AS59711 HZ Hosting Ltd,91.193.18.253,True
Poland,PL,Poznan,Hosteam S.c. Tomasz Groszewski Bartosz Waszak Lukasz Groszewski,EasyNET,AS51290 BARTOSZ WASZAK trading as HOSTEAM S.C. TOMASZ GROSZEWSKI BARTOSZ WASZAK LUKASZ GROSZEWSKI,31.133.0.122,True
Poland,PL,Warsaw,Newserverlife LLC,Warsaw 3hcloud,AS49791 Newserverlife LLC,45.144.51.133,True
Poland,PL,Warsaw,"The Constant Company, LLC","The Constant Company, LLC","AS20473 The Constant Company, LLC",64.176.70.106,True
Poland,PL,Warsaw,Hostkey B.V.,Hostkey B.V,AS57043 HOSTKEY B.V.,82.40.37.231,True
Poland,PL,Warsaw,Baykov Ilya Sergeevich,Baykov Ilya Sergeevich,AS41745 Baykov Ilya Sergeevich,31.169.126.66,True
Poland,PL,Wroclaw,OVH SAS,OVH Sp. z o. o,AS16276 OVH SAS,87.98.235.90,True
Poland,PL,Wroclaw,OVH SAS,OVH Sp. z o. o,AS16276 OVH SAS,87.98.235.174,True
Poland,PL,Warsaw,3hcloud,Limited liability company,AS49791 Newserverlife LLC,45.144.48.182,True
Poland,PL,Chojnice,Wojciech Czapkowicz,Chunkserve Mateusz Peplinski,AS214481 Wojciech Czapkowicz,143.20.64.32,True
Poland,PL,Wroclaw,OVH SAS,OVH Sp. z o. o,AS16276 OVH SAS,145.239.85.117,True
Poland,PL,Warsaw,OVH SAS,OVH Sp. z o. o,AS16276 OVH SAS,57.128.198.82,True
Poland,PL,Wroclaw,OVH SAS,OVH Sp. z o. o,AS16276 OVH SAS,87.98.237.23,True
Poland,PL,Warsaw,Global Connectivity Solutions LLP,Global Internet Solutions LLC,AS215540 GLOBAL CONNECTIVITY SOLUTIONS LLP,77.83.246.110,True
Poland,PL,Poznan,Hosteam S.c. Tomasz Groszewski Bartosz Waszak Lukasz Groszewski,EasyNET,AS51290 BARTOSZ WASZAK trading as HOSTEAM S.C. TOMASZ GROSZEWSKI BARTOSZ WASZAK LUKASZ GROSZEWSKI,31.133.0.55,True
Poland,PL,Warsaw,Newserverlife LLC,Warsaw 3hcloud,AS49791 Newserverlife LLC,45.144.51.246,True
